{
  "values": [
    0.015530076890886108,
    0.025277436272491054,
    0.0,
    0.4030793270300013,
    0.13881693154801794,
    0.4513508026021441,
    0.31261799079100683,
    0.6045770819710523,
    0.046196864996597385,
    0.30847176802164267,
    0.19918700392427643,
    0.1423809456087228,
    0.508623937269673,
    0.2266051582123626,
    0.25348376883819274,
    0.06243500010439319,
    0.1863727236609151,
    0.0,
    0.22018796112325756,
    0.4840651333235933,
    0.0,
    0.0,
    0.50081157390751,
    0.32882253852184684,
    0.5633305892180448,
    0.15497548575365686,
    0.03432486882836419,
    0.16001564440050972,
    0.2715356057967575,
    0.05356333323549622,
    0.3276117754757847,
    0.031306400694986365,
    0.435682139957692,
    0.21244814759564304,
    0.19299385472037295,
    0.2924365765929872,
    0.05016186997569909,
    0.3479514547144092,
    0.3722795813257815,
    0.2763324498927088,
    0.05305744847122832,
    0.44931764121545803,
    0.10904332559815032,
    0.5230108935059261,
    0.5584609587179779,
    0.05306328568776398,
    0.07054147995665716,
    1.0,
    0.10355558283135426,
    0.29689813009087035,
    0.03852308738800049,
    0.410383159349712,
    0.12503836071814048,
    0.41374086824277195,
    0.6098990499888826,
    0.0,
    0.06882640560903143,
    0.194052795120329,
    0.612693497745148,
    0.28585406689081533,
    0.0,
    0.0,
    0.7158288229924054,
    0.8538072914756862,
    0.2489445655060168,
    0.19056993542448544,
    0.1629186885914573,
    0.3607333414518873,
    0.4371137489473685,
    0.5515613467663403,
    0.07073973625739187,
    0.1238370219434503,
    0.17023988951871102,
    0.05448665325390574,
    0.5215798291764162,
    0.5550734145513333,
    0.0739039697556261,
    0.39350571424162256,
    0.0,
    0.023491798174359636,
    0.17043354646692566,
    0.10217403306246757,
    0.5937225935187694,
    0.11026185142699449,
    0.05540662828866427,
    0.31036158475532494,
    0.09342277460177016,
    0.44225866940126407,
    0.022752270703365055,
    0.171274380728955,
    0.20579427640837775,
    0.22434824602783873,
    0.0,
    0.11752664976808068,
    0.0,
    0.025296559896127245,
    0.0921793759586397,
    0.13524135858821662,
    0.33548494271839285,
    0.7175101339113036
  ],
  "nodes": [
    47,
    63,
    99,
    62,
    58,
    54,
    7,
    82,
    24,
    44,
    75,
    69,
    43,
    74,
    12,
    22,
    19,
    5,
    41,
    87,
    68,
    32,
    53,
    51,
    3,
    77,
    38,
    67,
    37,
    98,
    23,
    30,
    6,
    85,
    9,
    49,
    35,
    59,
    39,
    28,
    14,
    64,
    13,
    91,
    18,
    33,
    90,
    10,
    57,
    34,
    65,
    16,
    89,
    80,
    72,
    66,
    27,
    25,
    11,
    4,
    97,
    52,
    71,
    93,
    83,
    42,
    48,
    81,
    86,
    96,
    76,
    70,
    46,
    56,
    15,
    84,
    73,
    29,
    45,
    40,
    36,
    8,
    50,
    26,
    31,
    95,
    1,
    79,
    88,
    0,
    17,
    20,
    92,
    21,
    78,
    94,
    55,
    60,
    61,
    2
  ],
  "largest_component": [
    1.0,
    0.97,
    0.95,
    0.94,
    0.93,
    0.92,
    0.91,
    0.9,
    0.89,
    0.88,
    0.86,
    0.85,
    0.83,
    0.82,
    0.8,
    0.76,
    0.74,
    0.72,
    0.71,
    0.69,
    0.68,
    0.67,
    0.64,
    0.61,
    0.59,
    0.57,
    0.55,
    0.54,
    0.53,
    0.53,
    0.52,
    0.46,
    0.42,
    0.42,
    0.4,
    0.39,
    0.38,
    0.32,
    0.3,
    0.28,
    0.26,
    0.26,
    0.25,
    0.25,
    0.13,
    0.12,
    0.09,
    0.07,
    0.07,
    0.05,
    0.04,
    0.04,
    0.04,
    0.04,
    0.04,
    0.04,
    0.04,
    0.04,
    0.04,
    0.04,
    0.04,
    0.03,
    0.03,
    0.03,
    0.03,
    0.03,
    0.03,
    0.02,
    0.02,
    0.02,
    0.02,
    0.02,
    0.02,
    0.02,
    0.02,
    0.02,
    0.02,
    0.02,
    0.02,
    0.01,
    0.01,
    0.01,
    0.01,
    0.01,
    0.01,
    0.01,
    0.01,
    0.01,
    0.01,
    0.01,
    0.01,
    0.01,
    0.01,
    0.01,
    0.01,
    0.01,
    0.01,
    0.01,
    0.01,
    0.0
  ]
}