{
  "values": [
    0.22222222222222224,
    0.22222222222222224,
    0.11111111111111112,
    0.5555555555555556,
    0.4444444444444445,
    0.5555555555555556,
    0.5555555555555556,
    0.6666666666666666,
    0.22222222222222224,
    0.5555555555555556,
    0.4444444444444445,
    0.3333333333333333,
    0.6666666666666666,
    0.4444444444444445,
    0.5555555555555556,
    0.22222222222222224,
    0.3333333333333333,
    0.11111111111111112,
    0.4444444444444445,
    0.6666666666666666,
    0.11111111111111112,
    0.11111111111111112,
    0.6666666666666666,
    0.5555555555555556,
    0.6666666666666666,
    0.3333333333333333,
    0.22222222222222224,
    0.3333333333333333,
    0.5555555555555556,
    0.22222222222222224,
    0.5555555555555556,
    0.22222222222222224,
    0.5555555555555556,
    0.4444444444444445,
    0.5555555555555556,
    0.4444444444444445,
    0.22222222222222224,
    0.5555555555555556,
    0.5555555555555556,
    0.5555555555555556,
    0.3333333333333333,
    0.5555555555555556,
    0.3333333333333333,
    0.6666666666666666,
    0.6666666666666666,
    0.3333333333333333,
    0.3333333333333333,
    1.0,
    0.3333333333333333,
    0.4444444444444445,
    0.22222222222222224,
    0.5555555555555556,
    0.3333333333333333,
    0.4444444444444445,
    0.6666666666666666,
    0.11111111111111112,
    0.22222222222222224,
    0.4444444444444445,
    0.5555555555555556,
    0.5555555555555556,
    0.11111111111111112,
    0.11111111111111112,
    0.7777777777777779,
    0.7777777777777779,
    0.4444444444444445,
    0.4444444444444445,
    0.4444444444444445,
    0.5555555555555556,
    0.6666666666666666,
    0.6666666666666666,
    0.22222222222222224,
    0.3333333333333333,
    0.4444444444444445,
    0.22222222222222224,
    0.6666666666666666,
    0.6666666666666666,
    0.22222222222222224,
    0.5555555555555556,
    0.11111111111111112,
    0.22222222222222224,
    0.4444444444444445,
    0.3333333333333333,
    0.6666666666666666,
    0.3333333333333333,
    0.22222222222222224,
    0.4444444444444445,
    0.3333333333333333,
    0.5555555555555556,
    0.22222222222222224,
    0.4444444444444445,
    0.4444444444444445,
    0.3333333333333333,
    0.11111111111111112,
    0.4444444444444445,
    0.11111111111111112,
    0.22222222222222224,
    0.3333333333333333,
    0.3333333333333333,
    0.4444444444444445,
    0.888888888888889
  ],
  "nodes": [
    47,
    99,
    62,
    63,
    19,
    75,
    54,
    69,
    68,
    24,
    82,
    22,
    74,
    43,
    12,
    44,
    7,
    34,
    41,
    67,
    59,
    38,
    58,
    37,
    51,
    39,
    77,
    5,
    32,
    30,
    28,
    23,
    3,
    87,
    14,
    9,
    6,
    35,
    98,
    4,
    13,
    10,
    33,
    18,
    53,
    49,
    80,
    64,
    85,
    93,
    66,
    90,
    65,
    89,
    72,
    57,
    91,
    27,
    52,
    25,
    81,
    83,
    16,
    11,
    71,
    86,
    40,
    42,
    45,
    46,
    96,
    48,
    97,
    8,
    88,
    15,
    95,
    1,
    26,
    0,
    56,
    84,
    29,
    79,
    31,
    76,
    73,
    50,
    36,
    70,
    20,
    61,
    2,
    60,
    92,
    94,
    21,
    78,
    17,
    55
  ],
  "largest_component": [
    1.0,
    0.96,
    0.95,
    0.94,
    0.93,
    0.91,
    0.89,
    0.88,
    0.87,
    0.85,
    0.84,
    0.83,
    0.82,
    0.81,
    0.8,
    0.78,
    0.77,
    0.76,
    0.74,
    0.71,
    0.65,
    0.64,
    0.63,
    0.61,
    0.5,
    0.49,
    0.47,
    0.46,
    0.44,
    0.42,
    0.42,
    0.39,
    0.39,
    0.37,
    0.31,
    0.23,
    0.2,
    0.18,
    0.16,
    0.15,
    0.07,
    0.07,
    0.07,
    0.07,
    0.07,
    0.07,
    0.07,
    0.07,
    0.07,
    0.07,
    0.07,
    0.07,
    0.05,
    0.04,
    0.04,
    0.04,
    0.04,
    0.04,
    0.04,
    0.04,
    0.04,
    0.03,
    0.03,
    0.02,
    0.02,
    0.02,
    0.02,
    0.02,
    0.02,
    0.02,
    0.02,
    0.02,
    0.02,
    0.02,
    0.02,
    0.02,
    0.02,
    0.02,
    0.02,
    0.02,
    0.02,
    0.02,
    0.01,
    0.01,
    0.01,
    0.01,
    0.01,
    0.01,
    0.01,
    0.01,
    0.01,
    0.01,
    0.01,
    0.01,
    0.01,
    0.01,
    0.01,
    0.01,
    0.01,
    0.0
  ]
}