{
  "values": [
    0.2105263157894737,
    0.33333333333333337,
    0.15789473684210528,
    0.6140350877192984,
    0.5263157894736842,
    0.5438596491228072,
    0.5614035087719299,
    0.6491228070175439,
    0.24561403508771934,
    0.5614035087719299,
    0.4385964912280703,
    0.35087719298245623,
    0.6315789473684209,
    0.5438596491228072,
    0.5964912280701756,
    0.2631578947368421,
    0.38596491228070184,
    0.15789473684210528,
    0.4385964912280702,
    0.736842105263158,
    0.14035087719298248,
    0.2105263157894737,
    0.7017543859649124,
    0.6140350877192984,
    0.8947368421052632,
    0.4035087719298246,
    0.24561403508771934,
    0.4035087719298246,
    0.5964912280701755,
    0.24561403508771934,
    0.49122807017543874,
    0.2631578947368421,
    0.7017543859649124,
    0.5087719298245614,
    0.4912280701754387,
    0.5438596491228072,
    0.2280701754385965,
    0.6666666666666667,
    0.5614035087719298,
    0.5789473684210527,
    0.29824561403508776,
    0.6491228070175439,
    0.35087719298245623,
    0.5614035087719299,
    0.7719298245614037,
    0.43859649122807015,
    0.28070175438596495,
    1.0,
    0.4210526315789474,
    0.49122807017543874,
    0.28070175438596495,
    0.6491228070175439,
    0.3508771929824562,
    0.456140350877193,
    0.7192982456140353,
    0.12280701754385968,
    0.2280701754385965,
    0.4385964912280703,
    0.6842105263157895,
    0.5964912280701755,
    0.10526315789473685,
    0.14035087719298248,
    0.8421052631578948,
    0.8421052631578948,
    0.49122807017543874,
    0.5087719298245614,
    0.40350877192982465,
    0.5614035087719299,
    0.6140350877192984,
    0.7894736842105264,
    0.2631578947368421,
    0.368421052631579,
    0.5263157894736842,
    0.1929824561403509,
    0.649122807017544,
    0.6666666666666667,
    0.28070175438596495,
    0.5087719298245614,
    0.1929824561403509,
    0.28070175438596495,
    0.456140350877193,
    0.38596491228070173,
    0.8421052631578948,
    0.3333333333333334,
    0.2105263157894737,
    0.4035087719298246,
    0.368421052631579,
    0.5438596491228072,
    0.2631578947368421,
    0.47368421052631576,
    0.38596491228070184,
    0.3333333333333334,
    0.14035087719298248,
    0.49122807017543874,
    0.15789473684210528,
    0.2105263157894737,
    0.3859649122807018,
    0.4035087719298246,
    0.5614035087719299,
    0.912280701754386
  ],
  "nodes": [
    47,
    99,
    24,
    62,
    63,
    82,
    69,
    44,
    19,
    54,
    22,
    32,
    58,
    37,
    75,
    74,
    41,
    51,
    7,
    12,
    3,
    23,
    68,
    14,
    59,
    28,
    39,
    9,
    98,
    6,
    67,
    43,
    38,
    5,
    35,
    13,
    87,
    72,
    4,
    65,
    77,
    33,
    30,
    49,
    93,
    64,
    34,
    89,
    80,
    53,
    57,
    10,
    18,
    45,
    48,
    66,
    85,
    25,
    27,
    97,
    90,
    16,
    96,
    81,
    71,
    86,
    11,
    42,
    52,
    91,
    83,
    1,
    40,
    46,
    79,
    50,
    76,
    31,
    70,
    88,
    15,
    29,
    8,
    26,
    56,
    36,
    95,
    0,
    21,
    84,
    78,
    73,
    17,
    94,
    2,
    20,
    92,
    61,
    55,
    60
  ],
  "largest_component": [
    1.0,
    0.96,
    0.95,
    0.94,
    0.93,
    0.92,
    0.91,
    0.9,
    0.88,
    0.87,
    0.86,
    0.85,
    0.84,
    0.83,
    0.81,
    0.77,
    0.76,
    0.75,
    0.72,
    0.7,
    0.69,
    0.68,
    0.67,
    0.66,
    0.65,
    0.63,
    0.62,
    0.59,
    0.57,
    0.54,
    0.52,
    0.51,
    0.49,
    0.36,
    0.35,
    0.34,
    0.32,
    0.3,
    0.29,
    0.28,
    0.27,
    0.22,
    0.22,
    0.21,
    0.21,
    0.19,
    0.16,
    0.14,
    0.14,
    0.14,
    0.12,
    0.1,
    0.05,
    0.05,
    0.05,
    0.05,
    0.04,
    0.04,
    0.04,
    0.04,
    0.04,
    0.04,
    0.04,
    0.04,
    0.03,
    0.03,
    0.03,
    0.02,
    0.02,
    0.02,
    0.02,
    0.02,
    0.02,
    0.02,
    0.02,
    0.02,
    0.02,
    0.02,
    0.02,
    0.02,
    0.02,
    0.02,
    0.02,
    0.02,
    0.02,
    0.02,
    0.01,
    0.01,
    0.01,
    0.01,
    0.01,
    0.01,
    0.01,
    0.01,
    0.01,
    0.01,
    0.01,
    0.01,
    0.01,
    0.0
  ]
}