{
  "values": [
    0.2981894244910507,
    0.26158886197177833,
    0.17452504837647384,
    0.5846132700163358,
    0.46859062511920807,
    0.6098806813705037,
    0.5877431673545516,
    0.7145774741373044,
    0.27183953759941176,
    0.579337884637406,
    0.5015653959356002,
    0.3757418732447778,
    0.7174912172853711,
    0.4609349310301287,
    0.5631771553990651,
    0.28393433212443436,
    0.37558331504753606,
    0.17086286123739697,
    0.49269807689028283,
    0.6872286143382849,
    0.17725578870270917,
    0.16367886645913404,
    0.6771762262507312,
    0.5672826699462017,
    0.6415466483012398,
    0.37716449703347704,
    0.279746581553928,
    0.3645868474606519,
    0.5673212565741665,
    0.2877438569524918,
    0.6084593471906274,
    0.26597875300246787,
    0.5671444331264158,
    0.4663317797726962,
    0.5886457948369772,
    0.4629326442572061,
    0.2814124109438479,
    0.5527982607587066,
    0.5998738399848742,
    0.5605409592980074,
    0.399339153284768,
    0.5848327117769777,
    0.38644295365706277,
    0.7431663026206125,
    0.6508579130122979,
    0.35898585122631343,
    0.3913340431093709,
    1.0,
    0.35560978870863513,
    0.4825172640590733,
    0.26694771857699073,
    0.5855318778817165,
    0.37631988739918854,
    0.5094798409792503,
    0.6821407081987071,
    0.18391794499458894,
    0.29765322734821925,
    0.4784324064867604,
    0.5738151169807628,
    0.5728828274405059,
    0.1920984967074768,
    0.1782692856975509,
    0.7603764352806728,
    0.7808216131635034,
    0.4802103056592582,
    0.46865978739010783,
    0.4901848964140602,
    0.5637796599274215,
    0.700280269810295,
    0.657363996840907,
    0.27245679397185896,
    0.37411194663376796,
    0.46594309355096974,
    0.3039408228946635,
    0.7058272753091978,
    0.7114022058486437,
    0.27413586023300685,
    0.6414152380916087,
    0.16422611841424897,
    0.2709732781050027,
    0.45999828343182364,
    0.380543336587996,
    0.6442899122963938,
    0.3740948347213567,
    0.29536594010871675,
    0.5396334632871157,
    0.3787263503876068,
    0.6355835090757492,
    0.273420950100324,
    0.46650971644372696,
    0.5058370132265593,
    0.43361932739916564,
    0.1711941923331937,
    0.4588005926065724,
    0.17002016711466517,
    0.29102183848082147,
    0.3601084997208769,
    0.3710493184162012,
    0.47059262374549615,
    0.8941213898809066
  ],
  "nodes": [
    47,
    99,
    63,
    62,
    43,
    12,
    7,
    75,
    74,
    68,
    19,
    54,
    22,
    69,
    44,
    82,
    24,
    77,
    87,
    5,
    30,
    38,
    34,
    6,
    51,
    41,
    3,
    9,
    58,
    59,
    28,
    23,
    32,
    67,
    14,
    39,
    37,
    85,
    53,
    90,
    10,
    18,
    66,
    49,
    64,
    57,
    98,
    65,
    4,
    89,
    33,
    72,
    35,
    13,
    80,
    93,
    91,
    40,
    46,
    42,
    81,
    86,
    25,
    52,
    11,
    16,
    71,
    83,
    97,
    27,
    96,
    45,
    48,
    73,
    0,
    56,
    84,
    95,
    29,
    15,
    36,
    26,
    76,
    88,
    70,
    8,
    79,
    50,
    31,
    1,
    60,
    55,
    61,
    20,
    2,
    92,
    17,
    94,
    78,
    21
  ],
  "largest_component": [
    1.0,
    0.96,
    0.95,
    0.94,
    0.92,
    0.9,
    0.89,
    0.87,
    0.86,
    0.85,
    0.83,
    0.82,
    0.81,
    0.8,
    0.79,
    0.78,
    0.77,
    0.75,
    0.73,
    0.71,
    0.67,
    0.65,
    0.64,
    0.54,
    0.51,
    0.51,
    0.49,
    0.43,
    0.43,
    0.37,
    0.35,
    0.33,
    0.3,
    0.28,
    0.26,
    0.2,
    0.2,
    0.2,
    0.2,
    0.13,
    0.11,
    0.07,
    0.07,
    0.07,
    0.07,
    0.05,
    0.05,
    0.04,
    0.04,
    0.04,
    0.04,
    0.04,
    0.04,
    0.04,
    0.04,
    0.04,
    0.04,
    0.04,
    0.02,
    0.02,
    0.02,
    0.02,
    0.02,
    0.02,
    0.02,
    0.02,
    0.02,
    0.02,
    0.02,
    0.02,
    0.02,
    0.02,
    0.02,
    0.02,
    0.02,
    0.02,
    0.02,
    0.01,
    0.01,
    0.01,
    0.01,
    0.01,
    0.01,
    0.01,
    0.01,
    0.01,
    0.01,
    0.01,
    0.01,
    0.01,
    0.01,
    0.01,
    0.01,
    0.01,
    0.01,
    0.01,
    0.01,
    0.01,
    0.01,
    0.0
  ]
}