{
  "values": [
    1.0,
    0.12324574961360121,
    0.3282569122445474,
    0.027212776919113852,
    0.0014425553838227714,
    0.06852138073158165,
    0.06852138073158165,
    0.0,
    0.12779323372831874,
    0.0019371458011334362,
    0.0014425553838227714,
    0.0,
    0.0,
    0.10479821397904855,
    0.0,
    0.0,
    0.07420573587497856,
    0.0,
    0.04024729520865533,
    0.008775545251588527,
    0.0050489438433797005,
    0.05103211403056841,
    0.004100978876867593,
    0.0066769706336939705,
    0.0,
    0.0329314786192684,
    0.3159608449252962,
    0.3318907779495106,
    0.0,
    0.0,
    0.0,
    0.0,
    0.0,
    0.6948136699295895
  ],
  "nodes": [
    0,
    33,
    27,
    2,
    26,
    8,
    1,
    13,
    16,
    5,
    6,
    21,
    18,
    25,
    3,
    19,
    23,
    20,
    22,
    9,
    10,
    4,
    7,
    31,
    11,
    12,
    14,
    30,
    32,
    17,
    24,
    28,
    29,
    15
  ],
  "largest_component": [
    1.0,
    0.7647058823529411,
    0.5882352941176471,
    0.29411764705882354,
    0.29411764705882354,
    0.2647058823529412,
    0.17647058823529413,
    0.17647058823529413,
    0.17647058823529413,
    0.17647058823529413,
    0.17647058823529413,
    0.14705882352941177,
    0.08823529411764706,
    0.08823529411764706,
    0.058823529411764705,
    0.058823529411764705,
    0.058823529411764705,
    0.058823529411764705,
    0.058823529411764705,
    0.058823529411764705,
    0.029411764705882353,
    0.029411764705882353,
    0.029411764705882353,
    0.029411764705882353,
    0.029411764705882353,
    0.029411764705882353,
    0.029411764705882353,
    0.029411764705882353,
    0.029411764705882353,
    0.029411764705882353,
    0.029411764705882353,
    0.029411764705882353,
    0.029411764705882353,
    0.0
  ]
}