{
  "values": [
    0.9411764705882354,
    0.5294117647058824,
    0.5882352941176471,
    0.35294117647058826,
    0.17647058823529413,
    0.23529411764705885,
    0.23529411764705885,
    0.23529411764705885,
    0.29411764705882354,
    0.11764705882352942,
    0.17647058823529413,
    0.05882352941176471,
    0.11764705882352942,
    0.29411764705882354,
    0.11764705882352942,
    0.11764705882352942,
    0.17647058823529413,
    0.11764705882352942,
    0.29411764705882354,
    0.17647058823529413,
    0.17647058823529413,
    0.23529411764705885,
    0.17647058823529413,
    0.23529411764705885,
    0.11764705882352942,
    0.23529411764705885,
    0.35294117647058826,
    0.7058823529411765,
    0.11764705882352942,
    0.11764705882352942,
    0.11764705882352942,
    0.11764705882352942,
    0.11764705882352942,
    1.0
  ],
  "nodes": [
    33,
    0,
    27,
    2,
    1,
    26,
    3,
    8,
    13,
    18,
    21,
    5,
    25,
    23,
    7,
    6,
    16,
    4,
    19,
    20,
    10,
    22,
    9,
    31,
    12,
    14,
    30,
    32,
    17,
    24,
    28,
    29,
    15,
    11
  ],
  "largest_component": [
    1.0,
    0.7647058823529411,
    0.5882352941176471,
    0.29411764705882354,
    0.23529411764705882,
    0.23529411764705882,
    0.17647058823529413,
    0.17647058823529413,
    0.17647058823529413,
    0.14705882352941177,
    0.11764705882352941,
    0.08823529411764706,
    0.08823529411764706,
    0.058823529411764705,
    0.058823529411764705,
    0.058823529411764705,
    0.058823529411764705,
    0.058823529411764705,
    0.058823529411764705,
    0.029411764705882353,
    0.029411764705882353,
    0.029411764705882353,
    0.029411764705882353,
    0.029411764705882353,
    0.029411764705882353,
    0.029411764705882353,
    0.029411764705882353,
    0.029411764705882353,
    0.029411764705882353,
    0.029411764705882353,
    0.029411764705882353,
    0.029411764705882353,
    0.029411764705882353,
    0.0
  ]
}