{
  "values": [
    0.9668823166974734,
    0.7079482439926059,
    0.8516635859519405,
    0.5663894023413429,
    0.22535428219346876,
    0.24044978434996908,
    0.24044978434996905,
    0.462261244608749,
    0.6273875539125073,
    0.2818853974121994,
    0.2253542821934687,
    0.15080098582871215,
    0.2327479975354281,
    0.6193776956253848,
    0.07809611829944543,
    0.25569932224276015,
    0.4128157732593959,
    0.25569932224276015,
    0.42282809611829925,
    0.16851509550215643,
    0.16158348736906955,
    0.3715341959334563,
    0.36059765865680815,
    0.3781577325939616,
    0.21256931608133073,
    0.4781269254467034,
    0.5434380776340108,
    0.8327171903881695,
    0.28481207640172507,
    0.28481207640172507,
    0.28481207640172507,
    0.28481207640172507,
    0.28481207640172507,
    1.0
  ],
  "nodes": [
    33,
    0,
    2,
    27,
    1,
    8,
    13,
    3,
    26,
    25,
    7,
    18,
    16,
    23,
    21,
    22,
    30,
    31,
    32,
    28,
    29,
    9,
    17,
    15,
    5,
    6,
    12,
    4,
    10,
    24,
    19,
    20,
    11,
    14
  ],
  "largest_component": [
    1.0,
    0.7647058823529411,
    0.7058823529411765,
    0.29411764705882354,
    0.23529411764705882,
    0.23529411764705882,
    0.23529411764705882,
    0.23529411764705882,
    0.17647058823529413,
    0.17647058823529413,
    0.17647058823529413,
    0.14705882352941177,
    0.14705882352941177,
    0.14705882352941177,
    0.14705882352941177,
    0.14705882352941177,
    0.14705882352941177,
    0.14705882352941177,
    0.14705882352941177,
    0.14705882352941177,
    0.14705882352941177,
    0.14705882352941177,
    0.14705882352941177,
    0.14705882352941177,
    0.11764705882352941,
    0.058823529411764705,
    0.058823529411764705,
    0.058823529411764705,
    0.058823529411764705,
    0.058823529411764705,
    0.029411764705882353,
    0.029411764705882353,
    0.029411764705882353,
    0.0
  ]
}