{
  "values": [
    0.9612821308882581,
    0.5239957229065573,
    0.5655590876458316,
    0.355339691657579,
    0.21781777335034302,
    0.28852229210254476,
    0.28852229210254476,
    0.2426606692549089,
    0.2948987418851326,
    0.14176149047338968,
    0.21781777335034305,
    0.09477417905833918,
    0.14511307831943776,
    0.2926384102064213,
    0.1663554697281169,
    0.1442519369251745,
    0.19422967787668688,
    0.1442519369251745,
    0.3122778526680635,
    0.20812864590700036,
    0.20881840331819157,
    0.2540137705478552,
    0.193923939852683,
    0.2604311667756592,
    0.14903890128217953,
    0.24360907016461023,
    0.36811316698326885,
    0.7103976007202011,
    0.1439885713049811,
    0.1439885713049811,
    0.1439885713049811,
    0.1439885713049811,
    0.1439885713049811,
    1.0
  ],
  "nodes": [
    33,
    0,
    27,
    2,
    1,
    26,
    3,
    18,
    8,
    13,
    5,
    6,
    23,
    21,
    25,
    7,
    10,
    4,
    20,
    19,
    16,
    22,
    14,
    24,
    12,
    15,
    17,
    30,
    32,
    28,
    29,
    31,
    9,
    11
  ],
  "largest_component": [
    1.0,
    0.7647058823529411,
    0.5882352941176471,
    0.29411764705882354,
    0.23529411764705882,
    0.17647058823529413,
    0.17647058823529413,
    0.14705882352941177,
    0.14705882352941177,
    0.14705882352941177,
    0.11764705882352941,
    0.08823529411764706,
    0.08823529411764706,
    0.058823529411764705,
    0.058823529411764705,
    0.058823529411764705,
    0.058823529411764705,
    0.058823529411764705,
    0.029411764705882353,
    0.029411764705882353,
    0.029411764705882353,
    0.029411764705882353,
    0.029411764705882353,
    0.029411764705882353,
    0.029411764705882353,
    0.029411764705882353,
    0.029411764705882353,
    0.029411764705882353,
    0.029411764705882353,
    0.029411764705882353,
    0.029411764705882353,
    0.029411764705882353,
    0.029411764705882353,
    0.0
  ]
}