{
  "values": [
    0.01780334884685391,
    0.16024741953321206,
    0.22929362601663483,
    0.2500863995576343,
    0.22929362601663483,
    0.16024741953321206,
    0.01780334884685391,
    0.16024741953321206,
    0.44803930603875314,
    0.6095841589291064,
    0.6617860516554157,
    0.6095841589291064,
    0.4480393060387531,
    0.16024741953321203,
    0.2292936260166349,
    0.6095841589291063,
    0.8381959484367444,
    0.9145997972490384,
    0.8381959484367444,
    0.6095841589291063,
    0.2292936260166349,
    0.2500863995576343,
    0.6617860516554157,
    0.9145997972490386,
    1.0,
    0.9145997972490386,
    0.6617860516554157,
    0.2500863995576344,
    0.22929362601663486,
    0.6095841589291067,
    0.8381959484367443,
    0.9145997972490381,
    0.8381959484367443,
    0.6095841589291066,
    0.22929362601663486,
    0.16024741953321203,
    0.44803930603875325,
    0.6095841589291064,
    0.6617860516554157,
    0.6095841589291066,
    0.44803930603875325,
    0.16024741953321206,
    0.01780334884685391,
    0.16024741953321206,
    0.2292936260166349,
    0.2500863995576344,
    0.2292936260166349,
    0.16024741953321206,
    0.01780334884685391
  ],
  "nodes": [
    24,
    23,
    25,
    17,
    31,
    16,
    18,
    32,
    30,
    10,
    22,
    26,
    38,
    29,
    33,
    39,
    37,
    9,
    11,
    15,
    19,
    40,
    36,
    8,
    12,
    45,
    27,
    3,
    21,
    46,
    14,
    20,
    44,
    28,
    34,
    2,
    4,
    43,
    1,
    41,
    47,
    7,
    5,
    35,
    13,
    48,
    6,
    42,
    0
  ],
  "largest_component": [
    1.0,
    0.9591836734693877,
    0.9387755102040817,
    0.9183673469387755,
    0.8979591836734694,
    0.8775510204081632,
    0.8571428571428571,
    0.8367346938775511,
    0.8163265306122449,
    0.7959183673469388,
    0.7755102040816326,
    0.7551020408163265,
    0.7346938775510204,
    0.7142857142857143,
    0.6938775510204082,
    0.673469387755102,
    0.6530612244897959,
    0.6326530612244898,
    0.6122448979591837,
    0.5918367346938775,
    0.5714285714285714,
    0.5510204081632653,
    0.5306122448979592,
    0.5102040816326531,
    0.4897959183673469,
    0.46938775510204084,
    0.3469387755102041,
    0.22448979591836735,
    0.10204081632653061,
    0.10204081632653061,
    0.10204081632653061,
    0.10204081632653061,
    0.08163265306122448,
    0.08163265306122448,
    0.08163265306122448,
    0.08163265306122448,
    0.061224489795918366,
    0.061224489795918366,
    0.061224489795918366,
    0.061224489795918366,
    0.061224489795918366,
    0.04081632653061224,
    0.04081632653061224,
    0.04081632653061224,
    0.02040816326530612,
    0.02040816326530612,
    0.02040816326530612,
    0.02040816326530612,
    0.0
  ]
}