{
  "values": [
    0.5,
    0.75,
    0.75,
    0.75,
    0.75,
    0.75,
    0.5,
    0.75,
    1.0,
    1.0,
    1.0,
    1.0,
    1.0,
    0.75,
    0.75,
    1.0,
    1.0,
    1.0,
    1.0,
    1.0,
    0.75,
    0.75,
    1.0,
    1.0,
    1.0,
    1.0,
    1.0,
    0.75,
    0.75,
    1.0,
    1.0,
    1.0,
    1.0,
    1.0,
    0.75,
    0.75,
    1.0,
    1.0,
    1.0,
    1.0,
    1.0,
    0.75,
    0.5,
    0.75,
    0.75,
    0.75,
    0.75,
    0.75,
    0.5
  ],
  "nodes": [
    24,
    17,
    29,
    25,
    23,
    22,
    19,
    18,
    16,
    31,
    15,
    12,
    11,
    10,
    9,
    8,
    30,
    26,
    32,
    36,
    40,
    33,
    38,
    37,
    39,
    35,
    47,
    5,
    2,
    7,
    46,
    45,
    44,
    43,
    1,
    13,
    14,
    41,
    28,
    27,
    3,
    34,
    20,
    21,
    4,
    48,
    6,
    42,
    0
  ],
  "largest_component": [
    1.0,
    0.9591836734693877,
    0.9387755102040817,
    0.9183673469387755,
    0.8979591836734694,
    0.8775510204081632,
    0.8571428571428571,
    0.8367346938775511,
    0.8163265306122449,
    0.7959183673469388,
    0.7755102040816326,
    0.7551020408163265,
    0.7346938775510204,
    0.7142857142857143,
    0.6938775510204082,
    0.673469387755102,
    0.6530612244897959,
    0.6326530612244898,
    0.6122448979591837,
    0.5918367346938775,
    0.5714285714285714,
    0.5510204081632653,
    0.5306122448979592,
    0.5102040816326531,
    0.4897959183673469,
    0.46938775510204084,
    0.4489795918367347,
    0.42857142857142855,
    0.40816326530612246,
    0.3877551020408163,
    0.3469387755102041,
    0.30612244897959184,
    0.2857142857142857,
    0.2653061224489796,
    0.24489795918367346,
    0.22448979591836735,
    0.20408163265306123,
    0.1836734693877551,
    0.16326530612244897,
    0.14285714285714285,
    0.10204081632653061,
    0.08163265306122448,
    0.061224489795918366,
    0.04081632653061224,
    0.02040816326530612,
    0.02040816326530612,
    0.02040816326530612,
    0.02040816326530612,
    0.0
  ]
}