{
  "values": [
    0.34400000000000003,
    0.536,
    0.592,
    0.6,
    0.592,
    0.536,
    0.34400000000000003,
    0.536,
    0.824,
    0.904,
    0.9119999999999999,
    0.904,
    0.824,
    0.536,
    0.592,
    0.9039999999999999,
    0.9839999999999999,
    0.9920000000000002,
    0.9839999999999999,
    0.9039999999999999,
    0.592,
    0.6,
    0.9119999999999999,
    0.9920000000000002,
    1.0,
    0.9919999999999999,
    0.9119999999999999,
    0.6,
    0.592,
    0.9039999999999999,
    0.984,
    0.992,
    0.9839999999999999,
    0.9039999999999999,
    0.592,
    0.5359999999999999,
    0.8239999999999997,
    0.9039999999999999,
    0.9119999999999999,
    0.9039999999999999,
    0.8239999999999997,
    0.5359999999999999,
    0.34400000000000003,
    0.5359999999999999,
    0.592,
    0.6,
    0.592,
    0.5359999999999999,
    0.34400000000000003
  ],
  "nodes": [
    24,
    17,
    23,
    31,
    25,
    30,
    32,
    16,
    18,
    10,
    22,
    26,
    38,
    9,
    11,
    15,
    19,
    33,
    37,
    39,
    29,
    8,
    12,
    36,
    40,
    45,
    21,
    27,
    3,
    46,
    2,
    14,
    20,
    44,
    28,
    34,
    4,
    13,
    1,
    7,
    5,
    43,
    35,
    41,
    47,
    48,
    6,
    42,
    0
  ],
  "largest_component": [
    1.0,
    0.9591836734693877,
    0.9387755102040817,
    0.9183673469387755,
    0.8979591836734694,
    0.8775510204081632,
    0.8571428571428571,
    0.8367346938775511,
    0.8163265306122449,
    0.7959183673469388,
    0.7755102040816326,
    0.7551020408163265,
    0.7346938775510204,
    0.7142857142857143,
    0.6938775510204082,
    0.673469387755102,
    0.6530612244897959,
    0.6326530612244898,
    0.6122448979591837,
    0.5918367346938775,
    0.5714285714285714,
    0.5510204081632653,
    0.5306122448979592,
    0.5102040816326531,
    0.4897959183673469,
    0.46938775510204084,
    0.3469387755102041,
    0.22448979591836735,
    0.10204081632653061,
    0.10204081632653061,
    0.10204081632653061,
    0.10204081632653061,
    0.10204081632653061,
    0.10204081632653061,
    0.08163265306122448,
    0.08163265306122448,
    0.061224489795918366,
    0.061224489795918366,
    0.061224489795918366,
    0.061224489795918366,
    0.061224489795918366,
    0.061224489795918366,
    0.04081632653061224,
    0.04081632653061224,
    0.02040816326530612,
    0.02040816326530612,
    0.02040816326530612,
    0.02040816326530612,
    0.0
  ]
}