{
  "values": [
    0.5903881044646591,
    0.8144487653281869,
    0.7842842041843917,
    0.7759434209498517,
    0.7842842041843917,
    0.8144487653281869,
    0.5903881044646591,
    0.8144487653281866,
    1.0,
    0.9637482978162895,
    0.9538623146356743,
    0.9637482978162895,
    1.0,
    0.8144487653281866,
    0.7842842041843916,
    0.9637482978162895,
    0.9295443253672243,
    0.9201536356276172,
    0.9295443253672243,
    0.9637482978162895,
    0.7842842041843916,
    0.7759434209498517,
    0.9538623146356743,
    0.9201536356276175,
    0.9110165925148099,
    0.9201536356276175,
    0.9538623146356743,
    0.7759434209498517,
    0.7842842041843916,
    0.9637482978162892,
    0.9295443253672246,
    0.9201536356276172,
    0.9295443253672246,
    0.9637482978162892,
    0.7842842041843916,
    0.8144487653281869,
    1.0,
    0.9637482978162892,
    0.9538623146356743,
    0.9637482978162892,
    1.0,
    0.8144487653281869,
    0.5903881044646591,
    0.8144487653281866,
    0.7842842041843916,
    0.7759434209498517,
    0.7842842041843916,
    0.8144487653281869,
    0.5903881044646591
  ],
  "nodes": [
    36,
    8,
    12,
    40,
    9,
    11,
    15,
    19,
    33,
    39,
    37,
    29,
    22,
    26,
    38,
    10,
    32,
    30,
    16,
    18,
    23,
    25,
    17,
    31,
    24,
    47,
    35,
    5,
    1,
    41,
    7,
    43,
    13,
    2,
    4,
    34,
    14,
    28,
    44,
    46,
    20,
    3,
    27,
    45,
    21,
    48,
    6,
    42,
    0
  ],
  "largest_component": [
    1.0,
    0.9591836734693877,
    0.9387755102040817,
    0.9183673469387755,
    0.8979591836734694,
    0.8775510204081632,
    0.8571428571428571,
    0.8367346938775511,
    0.8163265306122449,
    0.7959183673469388,
    0.7755102040816326,
    0.7551020408163265,
    0.7346938775510204,
    0.7142857142857143,
    0.6938775510204082,
    0.4897959183673469,
    0.4897959183673469,
    0.4897959183673469,
    0.4897959183673469,
    0.4897959183673469,
    0.4897959183673469,
    0.4897959183673469,
    0.4897959183673469,
    0.4897959183673469,
    0.4897959183673469,
    0.46938775510204084,
    0.3877551020408163,
    0.2653061224489796,
    0.14285714285714285,
    0.10204081632653061,
    0.10204081632653061,
    0.10204081632653061,
    0.061224489795918366,
    0.061224489795918366,
    0.061224489795918366,
    0.061224489795918366,
    0.061224489795918366,
    0.061224489795918366,
    0.061224489795918366,
    0.04081632653061224,
    0.02040816326530612,
    0.02040816326530612,
    0.02040816326530612,
    0.02040816326530612,
    0.02040816326530612,
    0.02040816326530612,
    0.02040816326530612,
    0.02040816326530612,
    0.0
  ]
}