{
  "values": [
    0.08300982239589705,
    0.01753506133077476,
    0.11662669913952825,
    0.06405353554710613,
    0.07842030461122444,
    0.0360628794289945,
    0.2100968972650897,
    0.25845474630800913,
    0.007242711734827001,
    0.13272392619065396,
    0.013642465945357818,
    0.4533748458650135,
    0.8449951403811001,
    0.059045688572398766,
    0.05292244218982381,
    0.4725893319343748,
    0.4062228628283777,
    0.05952277704905581,
    0.050482929600004785,
    0.0,
    0.030396154822728148,
    0.0065350756126928864,
    0.017262528933132827,
    0.11636667120854374,
    0.24825780919891402,
    0.26057630482838945,
    0.130826925797979,
    0.0,
    0.1303222675599003,
    0.22751643822348278,
    0.0,
    0.1304085921388396,
    0.0,
    1.0,
    0.16766936643129507,
    0.5519444853727014,
    0.18133532000356278,
    0.28159159113944066,
    0.5717662170620279,
    0.09191711621949501,
    0.11694769591949532,
    0.24995812244019283,
    0.047757720144392675,
    0.15942912875960408,
    0.0119581421332436,
    0.09283214303762174,
    0.0036924642475305094,
    0.13437788331427974,
    0.3365776214188004,
    0.0,
    0.0,
    0.07667043873296124,
    0.004742282513985263,
    0.39406739463731727,
    0.003487791455529384,
    0.0005430094481662514,
    0.33599867466337835,
    0.0,
    0.0,
    0.10246051966664428,
    0.0,
    0.05624162767470778
  ],
  "nodes": [
    33,
    12,
    38,
    35,
    15,
    11,
    16,
    53,
    48,
    56,
    37,
    25,
    7,
    41,
    24,
    29,
    6,
    36,
    34,
    43,
    47,
    9,
    26,
    31,
    28,
    40,
    2,
    23,
    59,
    45,
    39,
    0,
    4,
    51,
    3,
    17,
    13,
    61,
    14,
    18,
    42,
    5,
    20,
    1,
    22,
    10,
    44,
    8,
    21,
    52,
    46,
    54,
    55,
    57,
    58,
    27,
    49,
    50,
    32,
    60,
    19,
    30
  ],
  "largest_component": [
    1.0,
    0.967741935483871,
    0.9516129032258065,
    0.9354838709677419,
    0.9193548387096774,
    0.8225806451612904,
    0.8064516129032258,
    0.6129032258064516,
    0.5645161290322581,
    0.5645161290322581,
    0.5645161290322581,
    0.532258064516129,
    0.5161290322580645,
    0.5,
    0.4838709677419355,
    0.45161290322580644,
    0.45161290322580644,
    0.4032258064516129,
    0.3870967741935484,
    0.3709677419354839,
    0.3387096774193548,
    0.20967741935483872,
    0.1774193548387097,
    0.12903225806451613,
    0.12903225806451613,
    0.11290322580645161,
    0.11290322580645161,
    0.11290322580645161,
    0.11290322580645161,
    0.0967741935483871,
    0.0967741935483871,
    0.0967741935483871,
    0.08064516129032258,
    0.08064516129032258,
    0.06451612903225806,
    0.06451612903225806,
    0.06451612903225806,
    0.03225806451612903,
    0.03225806451612903,
    0.03225806451612903,
    0.03225806451612903,
    0.03225806451612903,
    0.03225806451612903,
    0.03225806451612903,
    0.03225806451612903,
    0.03225806451612903,
    0.016129032258064516,
    0.016129032258064516,
    0.016129032258064516,
    0.016129032258064516,
    0.016129032258064516,
    0.016129032258064516,
    0.016129032258064516,
    0.016129032258064516,
    0.016129032258064516,
    0.016129032258064516,
    0.016129032258064516,
    0.016129032258064516,
    0.016129032258064516,
    0.016129032258064516,
    0.016129032258064516,
    0.0
  ]
}