{
  "values": [
    0.5833333333333334,
    0.33333333333333337,
    0.5,
    0.41666666666666674,
    0.5,
    0.33333333333333337,
    0.6666666666666667,
    1.0,
    0.16666666666666669,
    0.5833333333333334,
    0.5,
    0.75,
    0.6666666666666667,
    0.5833333333333334,
    0.33333333333333337,
    0.41666666666666674,
    0.75,
    0.41666666666666674,
    0.5,
    0.08333333333333334,
    0.5,
    0.25,
    0.25,
    0.41666666666666674,
    0.41666666666666674,
    0.75,
    0.41666666666666674,
    0.08333333333333334,
    0.25,
    0.8333333333333335,
    0.08333333333333334,
    0.41666666666666674,
    0.08333333333333334,
    0.5833333333333334,
    0.25,
    0.9166666666666667,
    0.6666666666666667,
    0.16666666666666669,
    0.6666666666666667,
    0.41666666666666674,
    0.5,
    0.5833333333333334,
    0.33333333333333337,
    0.9166666666666667,
    0.16666666666666669,
    0.5,
    0.16666666666666669,
    0.5833333333333334,
    0.8333333333333335,
    0.08333333333333334,
    0.08333333333333334,
    0.33333333333333337,
    0.16666666666666669,
    0.5833333333333334,
    0.16666666666666669,
    0.16666666666666669,
    0.75,
    0.08333333333333334,
    0.08333333333333334,
    0.41666666666666674,
    0.08333333333333334,
    0.25
  ],
  "nodes": [
    7,
    43,
    35,
    29,
    48,
    25,
    16,
    56,
    11,
    12,
    36,
    6,
    38,
    0,
    13,
    33,
    41,
    47,
    53,
    9,
    10,
    2,
    45,
    4,
    18,
    40,
    20,
    39,
    31,
    15,
    26,
    59,
    24,
    23,
    17,
    3,
    51,
    5,
    14,
    42,
    1,
    61,
    22,
    28,
    34,
    21,
    46,
    52,
    55,
    37,
    44,
    8,
    54,
    58,
    57,
    19,
    50,
    49,
    32,
    60,
    27,
    30
  ],
  "largest_component": [
    1.0,
    0.967741935483871,
    0.9516129032258065,
    0.9193548387096774,
    0.8709677419354839,
    0.8225806451612904,
    0.8064516129032258,
    0.7741935483870968,
    0.7419354838709677,
    0.7258064516129032,
    0.7096774193548387,
    0.6774193548387096,
    0.6451612903225806,
    0.5967741935483871,
    0.5161290322580645,
    0.5161290322580645,
    0.46774193548387094,
    0.45161290322580644,
    0.41935483870967744,
    0.3387096774193548,
    0.3387096774193548,
    0.3225806451612903,
    0.3225806451612903,
    0.3225806451612903,
    0.3225806451612903,
    0.3064516129032258,
    0.16129032258064516,
    0.16129032258064516,
    0.11290322580645161,
    0.11290322580645161,
    0.11290322580645161,
    0.11290322580645161,
    0.11290322580645161,
    0.06451612903225806,
    0.06451612903225806,
    0.06451612903225806,
    0.06451612903225806,
    0.03225806451612903,
    0.03225806451612903,
    0.03225806451612903,
    0.03225806451612903,
    0.03225806451612903,
    0.03225806451612903,
    0.03225806451612903,
    0.03225806451612903,
    0.03225806451612903,
    0.03225806451612903,
    0.03225806451612903,
    0.016129032258064516,
    0.016129032258064516,
    0.016129032258064516,
    0.016129032258064516,
    0.016129032258064516,
    0.016129032258064516,
    0.016129032258064516,
    0.016129032258064516,
    0.016129032258064516,
    0.016129032258064516,
    0.016129032258064516,
    0.016129032258064516,
    0.016129032258064516,
    0.0
  ]
}