{
  "values": [
    0.46542261251372136,
    0.2678375411635567,
    0.4291986827661912,
    0.32601536772777184,
    0.4807903402854008,
    0.1909989023051592,
    0.5312843029637763,
    1.0,
    0.18660812294182222,
    0.5510428100987925,
    0.6509330406147092,
    0.5104281009879256,
    0.4829857299670693,
    0.6542261251372119,
    0.2557628979143799,
    0.3172338090010978,
    0.6663007683863889,
    0.4555433589462131,
    0.6454445664105379,
    0.08671789242590562,
    0.6103183315038421,
    0.16794731064764,
    0.1624588364434688,
    0.2799121844127334,
    0.34906695938529103,
    0.6926454445664108,
    0.27442371020856215,
    0.08671789242590562,
    0.17014270032930853,
    0.8792535675082328,
    0.1152579582875961,
    0.4357848518111966,
    0.09659714599341386,
    0.5246981339187707,
    0.2952799121844128,
    0.9604829857299675,
    0.6278814489571901,
    0.16465422612513728,
    0.7058177826564218,
    0.40175631174533494,
    0.3699231613611417,
    0.5971459934138311,
    0.2810098792535675,
    0.915477497255763,
    0.1042810098792536,
    0.38309549945115273,
    0.08342480790340288,
    0.7014270032930846,
    0.6849615806805709,
    0.0954994511525796,
    0.0954994511525796,
    0.41273326015367734,
    0.11855104281009883,
    0.47859495060373236,
    0.17124039517014275,
    0.11525795828759611,
    0.5422612513721189,
    0.08781558726673988,
    0.08891328210757413,
    0.36992316136114173,
    0.0318331503841932,
    0.185510428100988
  ],
  "nodes": [
    7,
    35,
    43,
    29,
    38,
    47,
    25,
    48,
    16,
    13,
    10,
    18,
    36,
    20,
    41,
    9,
    56,
    6,
    33,
    11,
    12,
    4,
    53,
    0,
    17,
    31,
    2,
    51,
    39,
    45,
    59,
    40,
    24,
    3,
    15,
    34,
    42,
    23,
    26,
    1,
    14,
    5,
    8,
    61,
    54,
    28,
    21,
    37,
    22,
    52,
    55,
    30,
    44,
    32,
    49,
    50,
    58,
    57,
    19,
    27,
    46,
    60
  ],
  "largest_component": [
    1.0,
    0.967741935483871,
    0.9516129032258065,
    0.9193548387096774,
    0.9032258064516129,
    0.8870967741935484,
    0.8548387096774194,
    0.8064516129032258,
    0.7903225806451613,
    0.7580645161290323,
    0.7419354838709677,
    0.7419354838709677,
    0.6935483870967742,
    0.6774193548387096,
    0.6612903225806451,
    0.6290322580645161,
    0.5967741935483871,
    0.5806451612903226,
    0.532258064516129,
    0.4838709677419355,
    0.46774193548387094,
    0.45161290322580644,
    0.3225806451612903,
    0.3225806451612903,
    0.27419354838709675,
    0.22580645161290322,
    0.22580645161290322,
    0.22580645161290322,
    0.22580645161290322,
    0.20967741935483872,
    0.20967741935483872,
    0.11290322580645161,
    0.0967741935483871,
    0.0967741935483871,
    0.06451612903225806,
    0.06451612903225806,
    0.04838709677419355,
    0.04838709677419355,
    0.04838709677419355,
    0.04838709677419355,
    0.04838709677419355,
    0.03225806451612903,
    0.03225806451612903,
    0.03225806451612903,
    0.03225806451612903,
    0.03225806451612903,
    0.03225806451612903,
    0.03225806451612903,
    0.03225806451612903,
    0.03225806451612903,
    0.03225806451612903,
    0.03225806451612903,
    0.016129032258064516,
    0.016129032258064516,
    0.016129032258064516,
    0.016129032258064516,
    0.016129032258064516,
    0.016129032258064516,
    0.016129032258064516,
    0.016129032258064516,
    0.016129032258064516,
    0.0
  ]
}