{
  "values": [
    0.7179994755474972,
    0.44155677708715263,
    0.6138005819628584,
    0.4635930593807808,
    0.5219494988678189,
    0.40903337100751386,
    0.8006311147233084,
    1.0,
    0.2241351818999385,
    0.613408710800115,
    0.5119620753365333,
    0.971169623220802,
    0.7555518057162259,
    0.5963755200077668,
    0.3960497580852969,
    0.47944932267847845,
    0.7583664039885702,
    0.44400730559993573,
    0.5206368907054345,
    0.1657033661815898,
    0.5205104909417397,
    0.35212325699650215,
    0.3432008013633713,
    0.5245146334473011,
    0.45653606644120576,
    0.812796806211473,
    0.4692611401074559,
    0.1657033661815898,
    0.4072045097924165,
    0.8744079381332546,
    0.14829411599071352,
    0.48965251286141004,
    0.1507328605768913,
    0.6352829027931908,
    0.30316593174571527,
    0.9203812585300674,
    0.7362984893627508,
    0.2381395207212448,
    0.6762846731374181,
    0.49406139853131686,
    0.5406906581504344,
    0.666874357562762,
    0.39397519820371063,
    0.9105072400198049,
    0.2706411123417873,
    0.5323195085367013,
    0.2722299693805077,
    0.5919167495246018,
    0.9611915293457112,
    0.15567082680067076,
    0.15567082680067076,
    0.3716438134420146,
    0.25088834031110074,
    0.6629925425421777,
    0.2301531499324786,
    0.25477954596896546,
    0.9213627465676724,
    0.16099831121556896,
    0.15220083512806512,
    0.4666828087635842,
    0.18936124770164928,
    0.33863041771983005
  ],
  "nodes": [
    7,
    11,
    48,
    56,
    35,
    43,
    29,
    25,
    6,
    16,
    12,
    36,
    0,
    38,
    41,
    53,
    33,
    2,
    9,
    13,
    47,
    40,
    45,
    23,
    4,
    18,
    20,
    10,
    39,
    31,
    15,
    26,
    59,
    3,
    24,
    17,
    1,
    5,
    28,
    14,
    42,
    51,
    21,
    22,
    61,
    34,
    46,
    44,
    55,
    52,
    37,
    54,
    8,
    60,
    19,
    27,
    57,
    50,
    49,
    58,
    32,
    30
  ],
  "largest_component": [
    1.0,
    0.9354838709677419,
    0.8870967741935484,
    0.8548387096774194,
    0.8387096774193549,
    0.8225806451612904,
    0.7903225806451613,
    0.7580645161290323,
    0.7419354838709677,
    0.7258064516129032,
    0.7096774193548387,
    0.6774193548387096,
    0.6290322580645161,
    0.5967741935483871,
    0.5806451612903226,
    0.5,
    0.45161290322580644,
    0.45161290322580644,
    0.3709677419354839,
    0.3709677419354839,
    0.3387096774193548,
    0.3225806451612903,
    0.16129032258064516,
    0.14516129032258066,
    0.12903225806451613,
    0.12903225806451613,
    0.12903225806451613,
    0.12903225806451613,
    0.12903225806451613,
    0.11290322580645161,
    0.0967741935483871,
    0.08064516129032258,
    0.08064516129032258,
    0.06451612903225806,
    0.06451612903225806,
    0.06451612903225806,
    0.06451612903225806,
    0.03225806451612903,
    0.03225806451612903,
    0.03225806451612903,
    0.03225806451612903,
    0.03225806451612903,
    0.03225806451612903,
    0.03225806451612903,
    0.03225806451612903,
    0.03225806451612903,
    0.016129032258064516,
    0.016129032258064516,
    0.016129032258064516,
    0.016129032258064516,
    0.016129032258064516,
    0.016129032258064516,
    0.016129032258064516,
    0.016129032258064516,
    0.016129032258064516,
    0.016129032258064516,
    0.016129032258064516,
    0.016129032258064516,
    0.016129032258064516,
    0.016129032258064516,
    0.016129032258064516,
    0.0
  ]
}